REGION	POS	REF	ALT	REF_DP	REF_RV	REF_QUAL	ALT_DP	ALT_RV	ALT_QUAL	ALT_FREQ	TOTAL_DP	PVAL	PASS	GFF_FEATURE	REF_CODON	REF_AA	ALT_CODON	ALT_AA
MN908947.3	175	T	C	46	18	37	22	11	37	0.323529	68	3.13302e-08	TRUE	NA	NA	NA	NA	NA
MN908947.3	241	C	T	0	0	0	45	17	37	1	45	1.92627e-26	TRUE	NA	NA	NA	NA	NA
MN908947.3	335	C	T	376	16	37	145	1	37	0.277778	522	1.40217e-49	TRUE	cds-QHD43415.1	CGC	R	TGC	C
MN908947.3	1282	C	T	0	0	0	11	7	37	1	11	2.83514e-06	TRUE	cds-QHD43415.1	GCC	A	GCT	A
MN908947.3	1513	C	T	2	1	35	1854	609	37	0.998922	1856	0	TRUE	cds-QHD43415.1	TGC	C	TGT	C
MN908947.3	2388	C	T	2	2	38	2597	1729	37	0.99923	2599	0	TRUE	cds-QHD43415.1	ACA	T	ATA	I
MN908947.3	3479	G	T	0	0	0	38	16	36	1	38	2.90165e-22	TRUE	cds-QHD43415.1	GCA	A	TCA	S
MN908947.3	4113	C	T	0	0	0	362	161	35	1	362	4.83369e-223	TRUE	cds-QHD43415.1	GCT	A	GTT	V
MN908947.3	4206	C	T	0	0	0	454	269	36	1	454	1.74577e-272	TRUE	cds-QHD43415.1	GCG	A	GTG	V
MN908947.3	4540	C	T	4	2	36	1242	605	37	0.99679	1246	0	TRUE	cds-QHD43415.1	TAC	Y	TAT	Y
MN908947.3	6286	C	T	56	28	37	66	33	37	0.540984	122	8.43896e-26	TRUE	cds-QHD43415.1	ACC	T	ACT	T
MN908947.3	6377	A	+TGCGTGCGTCGG	64	32	37	64	0	20	1	64	4.95188e-15	TRUE	NA	NA	NA	NA	NA
MN908947.3	7267	C	T	0	0	0	152	7	37	1	152	1.34204e-90	TRUE	cds-QHD43415.1	TTC	F	TTT	F
MN908947.3	7764	C	T	0	0	0	421	155	37	1	421	1.24048e-252	TRUE	cds-QHD43415.1	TCC	S	TTC	F
MN908947.3	8003	G	T	0	0	0	1405	455	37	0.996454	1410	0	TRUE	cds-QHD43415.1	GTT	V	TTT	F
MN908947.3	8405	A	G	35	18	37	32	16	37	0.477612	67	1.70273e-12	TRUE	cds-QHD43415.1	AAC	N	GAC	D
MN908947.3	9430	C	T	0	0	0	441	220	37	1	441	2.30936e-264	TRUE	cds-QHD43415.1	ATC	I	ATT	I
MN908947.3	9532	C	T	0	0	0	436	220	37	1	436	2.35135e-261	TRUE	cds-QHD43415.1	TTC	F	TTT	F
MN908947.3	9598	C	T	0	0	0	219	219	37	1	219	7.39498e-131	TRUE	cds-QHD43415.1	TAC	Y	TAT	Y
MN908947.3	9611	C	T	0	0	0	219	219	37	1	219	7.39498e-131	TRUE	cds-QHD43415.1	CTT	L	TTT	F
MN908947.3	9679	C	T	0	0	0	129	56	36	1	129	8.70125e-77	TRUE	cds-QHD43415.1	TTC	F	TTT	F
MN908947.3	9711	C	T	1	0	38	1015	476	36	0.999016	1016	0	TRUE	cds-QHD43415.1	TCC	S	TTC	F
MN908947.3	9712	C	T	0	0	0	1026	481	36	1	1026	0	TRUE	cds-QHD43415.1	TCC	S	TCT	S
MN908947.3	9724	C	T	8	4	38	1050	509	37	0.992439	1058	0	TRUE	cds-QHD43415.1	TTC	F	TTT	F
MN908947.3	9745	C	T	0	0	0	1075	530	37	1	1075	0	TRUE	cds-QHD43415.1	TAC	Y	TAT	Y
MN908947.3	10423	T	C	0	0	0	861	429	37	1	861	0	TRUE	cds-QHD43415.1	TCT	S	TCC	S
MN908947.3	11391	G	A	338	168	37	169	84	37	0.333333	507	6.09607e-59	TRUE	cds-QHD43415.1	TGG	W	TAG	*
MN908947.3	11736	A	C	62	34	37	22	13	36	0.261905	84	4.89867e-08	TRUE	cds-QHD43415.1	AAT	N	ACT	T
MN908947.3	11750	C	T	0	0	0	58	30	37	1	58	3.25668e-34	TRUE	cds-QHD43415.1	CTC	L	TTC	F
MN908947.3	12073	C	T	0	0	0	148	68	37	1	148	3.39019e-88	TRUE	cds-QHD43415.1	GAC	D	GAT	D
MN908947.3	12076	C	T	0	0	0	148	68	37	1	148	3.39019e-88	TRUE	cds-QHD43415.1	AAC	N	AAT	N
MN908947.3	12180	A	T	207	87	36	80	4	37	0.278746	287	1.34975e-27	TRUE	cds-QHD43415.1	GAT	D	GTT	V
MN908947.3	12188	G	-T	333	137	36	107	0	20	0.317507	337	1.98548e-25	TRUE	NA	NA	NA	NA	NA
MN908947.3	12190	T	G	231	108	36	106	34	36	0.31454	337	4.64028e-37	TRUE	cds-QHD43415.1	GTT	V	GTG	V
MN908947.3	12198	A	G	237	116	35	126	54	36	0.347107	363	2.60279e-44	TRUE	cds-QHD43415.1	AAA	K	AGA	R
MN908947.3	12213	C	T	0	0	0	5048	2288	35	0.999802	5049	0	TRUE	cds-QHD43415.1	TCT	S	TTT	F
MN908947.3	12596	C	T	0	0	0	2367	1335	37	1	2367	0	TRUE	cds-QHD43415.1	CTT	L	TTT	F
MN908947.3	12756	C	T	0	0	0	1321	851	37	1	1321	0	TRUE	cds-QHD43415.1	ACT	T	ATT	I
MN908947.3	12786	C	T	0	0	0	56	54	37	1	56	5.12046e-33	TRUE	cds-QHD43415.1	ACA	T	ATA	I
MN908947.3	13087	A	T	68	36	34	392	219	36	0.850325	461	2.063e-192	TRUE	cds-QHD43415.1	GTA	V	GTT	V
MN908947.3	13609	C	A	1167	318	37	458	229	37	0.281846	1625	1.87124e-152	TRUE	cds-QHD43415.1	CAA	Q	AAA	K
MN908947.3	14041	A	G	0	0	0	335	208	37	1	335	6.62464e-201	TRUE	cds-QHD43415.1	ATT	I	GTT	V
MN908947.3	14179	T	C	20	10	37	20	11	36	0.5	40	5.19884e-08	TRUE	cds-QHD43415.1	TTG	L	CTG	L
MN908947.3	14180	T	-G	40	21	37	20	0	20	0.5	40	9.77606e-06	TRUE	NA	NA	NA	NA	NA
MN908947.3	14557	G	T	0	0	0	18	9	37	1	18	2.20382e-10	TRUE	cds-QHD43415.1	GTG	V	TTG	L
MN908947.3	14931	C	T	0	0	0	182	54	35	1	182	4.08937e-110	TRUE	cds-QHD43415.1	AAC	N	AAT	N
MN908947.3	15921	G	T	0	0	0	316	158	37	1	316	3.53723e-189	TRUE	cds-QHD43415.1	GTG	V	GTT	V
MN908947.3	16329	C	T	0	0	0	1357	380	36	1	1357	0	TRUE	cds-QHD43415.1	TAC	Y	TAT	Y
MN908947.3	17128	T	C	19	11	37	7	7	38	0.269231	26	0.00568171	TRUE	cds-QHD43415.1	TAC	Y	CAC	H
MN908947.3	17129	A	+C	26	18	37	7	0	20	0.269231	26	0.0142082	FALSE	NA	NA	NA	NA	NA
MN908947.3	17131	T	A	19	11	37	7	7	37	0.269231	26	0.00568171	TRUE	cds-QHD43415.1	TAC	Y	AAC	N
MN908947.3	17199	A	G	0	0	0	16	10	37	1	16	3.32734e-09	TRUE	cds-QHD43415.1	GCA	A	GCG	A
MN908947.3	17278	G	T	0	0	0	72	39	37	1	72	1.35116e-42	TRUE	cds-QHD43415.1	GTG	V	TTG	L
MN908947.3	17297	A	G	77	42	37	36	18	37	0.318584	113	6.21738e-13	TRUE	cds-QHD43415.1	CAG	Q	CGG	R
MN908947.3	18149	G	-T	38	18	36	38	0	20	0.974359	39	2.67232e-09	TRUE	NA	NA	NA	NA	NA
MN908947.3	18546	G	T	0	0	0	234	145	36	1	234	7.1188e-140	TRUE	cds-QHD43415.1	ATG	M	ATT	I
MN908947.3	19794	G	C	295	32	37	1047	522	36	0.779018	1344	0	TRUE	cds-QHD43415.1	TGG	W	TGC	C
MN908947.3	19891	G	T	0	0	0	2881	1319	37	1	2881	0	TRUE	cds-QHD43415.1	GAT	D	TAT	Y
MN908947.3	21302	C	T	2	0	38	116	0	37	0.983051	118	2.4509e-66	TRUE	cds-QHD43415.1	CCA	P	CTA	L
MN908947.3	21636	C	A	28	14	37	14	7	37	0.333333	42	1.99866e-05	TRUE	cds-QHD43416.1	CCC	P	CAC	H
MN908947.3	21637	C	T	16	8	38	25	12	37	0.609756	41	1.3631e-10	TRUE	cds-QHD43416.1	CCC	P	CCT	P
MN908947.3	21707	C	T	0	0	0	26	13	38	1	26	4.03292e-15	TRUE	cds-QHD43416.1	CAT	H	TAT	Y
MN908947.3	21727	C	T	0	0	0	26	13	36	1	26	4.03292e-15	TRUE	cds-QHD43416.1	TTC	F	TTT	F
MN908947.3	21808	T	A	8	4	38	6	3	38	0.428571	14	0.0101449	FALSE	cds-QHD43416.1	CCT	P	CCA	P
MN908947.3	21846	C	T	0	0	0	18	9	37	1	18	2.20382e-10	TRUE	cds-QHD43416.1	ACT	T	ATT	I
MN908947.3	22034	A	G	0	0	0	11	4	37	1	11	7.39602e-07	TRUE	cds-QHD43416.1	AGA	R	GGA	G
MN908947.3	23020	T	G	0	0	0	90	45	37	1	90	2.19751e-53	TRUE	cds-QHD43416.1	TTT	F	TTG	L
MN908947.3	23064	A	C	0	0	0	90	45	37	1	90	2.19751e-53	TRUE	cds-QHD43416.1	AAT	N	ACT	T
MN908947.3	23466	T	C	94	47	37	34	17	36	0.265625	128	5.34184e-12	TRUE	cds-QHD43416.1	GTT	V	GCT	A
MN908947.3	23614	A	G	25	6	36	14	6	36	0.358974	39	1.79581e-05	TRUE	cds-QHD43416.1	GCA	A	GCG	A
MN908947.3	23758	C	T	468	230	37	368	184	37	0.440191	836	3.46937e-134	TRUE	cds-QHD43416.1	ACC	T	ACT	T
MN908947.3	24272	T	C	245	123	37	99	50	37	0.287791	344	4.04951e-34	TRUE	cds-QHD43416.1	TAT	Y	CAT	H
MN908947.3	24373	A	G	0	0	0	44	23	37	1	44	1.92627e-26	TRUE	cds-QHD43416.1	TCA	S	TCG	S
MN908947.3	24538	A	G	6	3	37	58	29	37	0.90625	64	1.00102e-29	TRUE	cds-QHD43416.1	CAA	Q	CAG	Q
MN908947.3	25436	T	C	19	9	36	14	7	35	0.424242	33	1.34247e-05	TRUE	cds-QHD43417.1	TTG	L	TCG	S
MN908947.3	25480	C	T	0	0	0	172	85	36	1	172	3.25509e-103	TRUE	cds-QHD43417.1	CGC	R	TGC	C
MN908947.3	25563	G	T	0	0	0	273	137	37	1	273	2.54394e-163	TRUE	cds-QHD43417.1	CAG	Q	CAT	H
MN908947.3	25695	T	-G	31	16	37	23	0	20	0.741935	31	4.29949e-06	TRUE	NA	NA	NA	NA	NA
MN908947.3	25698	A	-G	29	15	36	23	0	20	0.793103	29	5.16566e-06	TRUE	NA	NA	NA	NA	NA
MN908947.3	26455	C	T	0	0	0	47	2	37	1	47	1.23024e-27	TRUE	cds-QHD43418.1	CCT	P	TCT	S
MN908947.3	26464	C	T	0	0	0	47	2	37	1	47	1.23024e-27	TRUE	cds-QHD43418.1	CTG	L	TTG	L
MN908947.3	26668	T	C	303	155	36	115	57	37	0.27512	418	2.62514e-39	TRUE	cds-QHD43419.1	ATT	I	ACT	T
MN908947.3	26894	C	T	4	2	35	9238	4691	37	0.999567	9242	0	TRUE	cds-QHD43419.1	CTC	L	CTT	L
MN908947.3	27131	C	T	0	0	0	338	177	37	1	338	1.03972e-202	TRUE	cds-QHD43419.1	AAC	N	AAT	N
MN908947.3	27297	C	T	0	0	0	264	132	37	1	264	6.55805e-158	TRUE	cds-QHD43420.1	ATC	I	ATT	I
MN908947.3	27384	T	C	0	0	0	41	17	34	1	41	2.35413e-24	TRUE	cds-QHD43420.1	GAT	D	GAC	D
MN908947.3	27396	G	A	0	0	0	16	16	38	1	16	3.32734e-09	TRUE	cds-QHD43421.1	ATG	M	ATA	I
MN908947.3	27996	G	T	0	0	0	333	152	36	1	333	1.05678e-199	TRUE	cds-QHD43422.1	GAC	D	TAC	Y
MN908947.3	28209	G	T	0	0	0	1391	694	37	0.998564	1393	0	TRUE	cds-QHD43422.1	GAA	E	TAA	*
MN908947.3	28775	C	T	0	0	0	186	93	36	1	186	3.19385e-112	TRUE	cds-QHD43423.2	CCA	P	TCA	S
MN908947.3	28889	T	C	0	0	0	474	278	37	1	474	1.62234e-284	TRUE	cds-QHD43423.2	TCT	S	CCT	P
MN908947.3	29202	G	C	87	50	36	36	19	37	0.268657	134	9.77452e-14	TRUE	cds-QHD43423.2	AGC	S	ACC	T
MN908947.3	29258	A	T	40	34	37	18	9	37	0.310345	58	8.00382e-07	TRUE	cds-QHD43423.2	ACG	T	TCG	S
MN908947.3	29445	C	T	0	0	0	3554	1729	36	0.999719	3555	0	TRUE	cds-QHD43423.2	ACT	T	ATT	I
MN908947.3	29578	C	T	3	2	36	3621	1810	37	0.999172	3624	0	TRUE	cds-QHI42199.1	TTC	F	TTT	F
MN908947.3	29666	C	T	0	0	0	2246	1148	37	1	2246	0	TRUE	cds-QHI42199.1	CTC	L	TTC	F
