name,date
USA/MT-BHDH-155/2021,2021-01-13
USA/KS-KHEL-0228/2020,2020-10-19
USA/CO-CDPHE-2009183838/2020,2020-09-18
USA/KS-QDX-4448/2020,2020-08-20
USA/LA-EVTL1824/2021,2021-01-19
USA/LA-EVTL1730/2021,2021-01-12
USA/MN-CDC-LC0032082/2021,2021-03-15
USA/OR-OHSU-10593/2021,2021-01-14
Canada/ON-PHL-21-01740/2020,2020-12-15
USA/TX-HMH-MCoV-24734/2021,2021-01-18
USA/MD-CDC-LC0008223/2021,2021-01-20
USA/NY-Wadsworth-21008329-01/2021,2021-01-12
USA/NY-UB-00838/2021,2021-02-11
USA/WI-WSLH-201583/2020,2020-10-23
USA/CA-CDPH-3000009316/2021,2021-02-09
USA/CA-CDPH-2000005167/2020,2020-12-29
deer/USA/IA-200443/2021,2021-01-09
USA/NY-Wadsworth-21000402-01/2021,2021-01-04
USA/KY-CDC-STM-000003139/2021,2021-01-14
USA/NY-COV-1023/2021,2021-01-16
USA/GA-CDC-LC0015686/2021,2021-02-10
USA/CA-CDC-FG-012749/2021,2021-03-08
USA/FL-Path-Saliva-117/2021,2021-02-15
USA/FL-CDC-QDX21872580/2021,2021-02-09
USA/CA-CZB-14792/2020,2020-11-13
USA/CA-CZB-14848/2020,2020-11-20
USA/CA-UCSF-JD190/2021,2021-01-26
USA/IA-CDC-2-3714359/2020,2020-11-28
USA/FL-Path-Saliva-672b/2021,2021-02-15
USA/FL-CDC-STM-000028516/2021,2021-03-03
USA/CA-CDPH-2000036103/2021,2021-02-02
USA/PA-M20152953/2020,2020-12-03
USA/PA-CDC-LC0027060/2021,2021-03-08
USA/VA-CDC-LC0010234/2021,2021-01-25
USA/NY-CDC-ASC210014715/2021,2021-03-22
USA/PA-CDC-STM-000034660/2021,2021-03-12
USA/VA-CDC-LC0010990/2021,2021-01-27
USA/MD-MDH-1571/2021,2021-03-07
USA/NY-Wadsworth-21008459-01/2021,2021-01-04
USA/TX-HMH-MCoV-24872/2021,2021-01-20
USA/NY-CUIMC-NP-4066/2021,2021-01-15
USA/CO-CDPHE-2100529372/2021,2021-03-02
USA/CA-CDPH-2000020621/2021,2021-01-03
USA/CA-CDC-QDX23571784/2021,2021-03-31
USA/WV-CDC-QDX23355269/2021,2021-03-25
USA/NV-NSPHL-323663/2021,2021-01-08
USA/CA-CDPH-2000008510/2020,2020-12-09
USA/PA-CDC-STM-000017428/2021,2021-02-18
USA/KY-CDC-LC0019435/2021,2021-02-19
USA/KS-KHEL-2459/2020,2020-07-16
Canada/ON-PHL-20-01042/2020,2020-06-15
Canada/ON-PHL-20-01114/2020,2020-05-15
Germany/BW-UT-012/2020,2020-05-20
dog/Germany/BY-MVP-000002393/2020,2020-11-24
France/PAC-IHU-39743_Nova1/2020,2020-04-15
Germany/BAV-PL-virotum_s368/2020,2020-03-22
Wales/PHWC-28A31/2020,2020-04-02
USA/TX-HMH-720/2020,2020-04-08
Switzerland/VD-CHUV-GEN2473/2020,2020-03-09
USA/IL-IDPH-WHI-C-001571/2020,2020-07-04
England/MILK-9C2B5B/2020,2020-09-10
France/HDF-100002711594/2021,2021-04-15
Ukraine/203100327/2020,2020-05-27
USA/CO-CDPHE-2006031453/2020,2020-06-03
USA/CA-CDPH-2000004389/2020,2020-12-24
Scotland/QEUH-A1FFAD/2020,2020-10-01
USA/IN-Lilly-IPB0173-01bc07/2020,2020-03-22
USA/TX-DSHS-000504/2020,2020-03-19
mink/Netherlands/NB-EMC-26-1/2020,2020-07-29
mink/Netherlands/NB-EMC-45-4/2020,2020-09-02
mink/Netherlands/NB-EMC-39-3/2020,2020-08-24
mink/Netherlands/NB-EMC-7-2/2020,2020-05-30
cat/Switzerland/SG-UZH-25025/2020,2020-12-17
cat/France/un-ENVT-LHOOQ/2020,2020-09-24
cat/Switzerland/ZH-UZH-USZ_10_Tier_2/2021,2021-01-20
dog/France/PAC-IHU-D53/2020,2020-11-15
Indonesia/JA-MRINUPH-EIJK-013/2021,2021-01-11
Japan/IC-0314/2020,2020-11-11
USA/CA-ALSR-1075-SAN/2020,2020-06-23
Egypt/ARMY-212/2021,2021-05-02
England/MILK-B14B94/2020,2020-10-21
England/CAMC-B07B85/2020,2020-10-29
England/MILK-6EE3EB/2020,2020-06-30
cat/Netherlands/UN-EMC-1/2020,2020-09-08
India/MH-IGIB-Q9873865/2021,2021-06-15
Saudi_Arabia/KAUST-JEDDAH831/2020,2020-05-24
United_Arab_Emirates/BTC-4583/2021,2021-01-01
United_Arab_Emirates/BTC-4579/2021,2021-01-01
Mexico/YUC-NYGC-8330-20/2020,2020-05-12
Wales/PHWC-2F33F/2020,2020-04-06
Canada/QC-1nKGZ-Q9282104/2020,2020-05-28
USA/OR-OHSU-1971/2020,2020-07-30
USA/NY-PRL-2021_0702_52P11/2020,2020-10-19
Egypt/NRC-6076/2020,2020-06-27
cat/Colombia/COR-U04/2021,2021-01-26
Australia/VIC18223/2021,2021-02-03
Indonesia/BA-EIJK-UNWAR-379/2021,2021-02-22
Chile/AR-173687/2021,2021-10-25
Ecuador/NIC-INSPI-15389/2021,2021-11-17
Colombia/VAC-CSB-1193212846/2021,2021-09-28
Colombia/DC-A253/2021,2021-03-23
Colombia/MAG-UCCSMR-VG354/2021,2021-10-04
Colombia/CES-UNIMOL-VG-184/2021,2021-10-08
Colombia/DC-INS-HUMB-VG-7522/2021,2021-07-18
Colombia/CAL-UTP-VG-355/2021,2021-09-27
Haiti/63310101/2021,2021-05-07
Barbados/76424/2021,2021-07-03
Saint_Vincent_and_the_Grenadines/82987/2021,2021-08-09
Aruba/AW-RIVM-39241/2021,2021-06-04
Ecuador/NIC-INSPI-340971/2021,2021-07-14
Bolivia/SAN-CABANA-PE-UPCH-2276/2021,2021-09-22
Chile/AN-157758/2021,2021-09-23
Colombia/ATL-UNIANDES-G027850/2021,2021-07-14
Colombia/DC-INS-HUMB-VG-7527/2021,2021-07-19
Colombia/RIS-LS-14173029080/2021,2021-09-23
Colombia/TOL-INS-HUMB-VG-7868/2021,2021-08-05
snow_leopard/USA/CA-21-021568-001/2021,2021-07-22
snow_leopard/USA/CA-21-022131-001/2021,2021-07-26
snow_leopard/USA/CA-SEARCH-104930/2021,2021-07-22
snow_leopard/USA/CA-SEARCH-104929/2021,2021-07-27
dog/Colombia/COR-U117/2021,2021-04-26
USA/AZ-TG1047429/2020,2020-09-01
USA/AZ-TG969462/2020,2020-09-05
USA/AZ-TG960399/2020,2020-09-04
USA/AZ-TG808524/2020,2020-08-25
USA/AZ-TG808539/2020,2020-08-25
USA/FL-BPHL-1718/2020,2020-09-30
cat/USA/20-023409-001/2020,2020-08-10
France/IDF-IPP3129/2020,2020-03-20
Denmark/DCGC-73109/2021,2021-01-04
Spain/CL-MS00751/2021,2021-02-17
Canada/ON-PHL-20-00142/2020,2020-05-15
USA/WI-MCW-CA009/2020,2020-04-01
Iceland/838/2020,2020-03-29
USA/MD-HP06614-PIDQFIJMRG/2020,2020-04-06
France/PAC-IHU-37945-Nova1M/2020,2020-04-15
France/PAC-IHU-39645_Nova1/2020,2020-03-15
France/PAC-IHU-38117-Nova1M/2020,2020-04-15
Australia/VIC221/2020,2020-03-20
Germany/HH-HPI-p4724/2021,2021-02-28
Belgium/ULG-10424/2020,2020-08-14
Luxembourg/LNS1586475/2020,2020-05-08
Senegal/SN-MBO-201719/2021,2021-01-12
USA/MN-MDH-8124/2021,2021-05-24
USA/FL-CDC-STM-000038522/2021,2021-03-18
USA/MA-CDC-LC0037326/2021,2021-03-26
USA/MA-MASPHL-03041/2021,2021-04-02
cat/USA/NJ-21-007630-001/2021,2021-03-06
dog/USA/CT-21-007025-001/2021,2021-03-03
USA/NY-MSHSPSP-PV27528/2021,2021-02-03
USA/FL-CDC-QDX24365418/2021,2021-04-27
USA/NY-PRL-2021_0624_52C08/2021,2021-01-25
USA/FL-CDC-ASC210070904/2021,2021-04-14
dog/USA/FL-21-002342-001/2021,2021-01-15
USA/NY-PRL-2021_03_11_00E06/2021,2021-03-08
USA/MI-MDHHS-SC25841/2021,2021-03-16
USA/NJ-CDC-LC0036106/2021,2021-03-27
USA/VA-CDC-LC0032951/2021,2021-03-20
USA/NC-CDC-LC0033400/2021,2021-03-16
USA/NY-CDC-LC0036602/2021,2021-03-24
USA/NY-PRL-2021_0623_52H22/2021,2021-01-29
USA/CA-CDPH-2000024295/2021,2021-01-13
Mexico/JAL_LANGEBIO_IMSS_30326-NC/2021,2021-03-16
Belize/CML-54/2021,2021-02-25
USA/WY-WYPHL-21026429/2021,2021-03-28
USA/AZ-ASU4198/2021,2021-04-01
USA/CA-CDPH-2000019739/2021,2021-01-04
USA/WV-WVU-WV028356/2021,2021-01-23
cat/USA/CA-21-003696-001/2021,2021-01-30
USA/AZ-ASU7995/2021,2021-02-12
USA/CA-CDPH-3000022812/2021,2021-02-27
USA/CA-CDPH-3000018767/2021,2021-02-22
USA/CA-CDPH-2000029424/2021,2021-01-19
cat/USA/AZ-21-004025-001/2021,2021-01-29
USA/FL-CDC-STM-000043969/2021,2021-03-23
USA/MI-CDC-STM-000038603/2021,2021-03-17
Belize/CML-56/2021,2021-03-15
USA/CA-ALSR-8625/2020,2020-12-21
USA/OH-PLMI-HNYM7-00100/2021,2021-03-15
USA/MA-CDC-LC0020495/2021,2021-02-23
USA/WI-CDC-LC0049349/2021,2021-04-14
USA/IL-CDC-LC0033294/2021,2021-03-16
USA/CA-CDPH-2000023090/2021,2021-01-05
USA/CA-CDPH-2000023087/2021,2021-01-05
USA/NH-CDC-LC0041226/2021,2021-04-07
USA/TX-HMH-MCoV-30681/2021,2021-02-25
USA/TX-HMH-MCoV-23779/2021,2021-01-15
USA/CA-LACPHL-AF00829/2021,2021-03-06
USA/TX-HMH-MCoV-27823/2021,2021-02-12
USA/TX-HMH-MCoV-25833/2021,2021-02-03
USA/AZ-ASU17932/2021,2021-01-19
USA/FL-Shands-VTM-719/2021,2021-01-15
USA/CA-UCSF-CC122/2021,2021-03-25
USA/CA-UCSF-CC523/2021,2021-03-25
USA/TX-HMH-MCoV-30805/2021,2021-02-28
USA/RI-CDC-LC0039951/2021,2021-04-05
USA/NY-PRL-2021_02_17_00M01/2021,2021-02-15
USA/TX-CDC-FG-027203/2021,2021-04-15
USA/TX-HMH-MCoV-43697/2020,2020-07-07
USA/TX-HMH-MCoV-39699/2020,2020-08-07
USA/TX-HMH-MCoV-44464/2020,2020-07-28
Hong_Kong/HKU-200723-104/2020,2020-05-21
Sweden/01_SE100_21CS508551/2020,2020-04-15
Sweden/01_SE100_21CS505371/2020,2020-04-07
Kenya/C71646/2020,2020-11-16
Denmark/DCGC-39570/2021,2021-01-25
dog/USA/PA-20-037287-001/2020,2020-12-14
cat/Argentina/PAIS-A0344/2020,2020-09-05
dog/Argentina/PAIS-A0642/2020,2020-11-11
puma/Argentina/PAIS-A0641/2020,2020-12-12
Canada/ON-PHL-20-01436/2020,2020-07-15
USA/TX-HMH-MCoV-41724/2020,2020-07-21
USA/TX-HMH-MCoV-32941/2020,2020-12-16
USA/CT-Yale-3208/2021,2021-03-26
USA/NY-PRL-2021_03_31_00G12/2021,2021-03-28
USA/NY-PRL-2021_03_15_00F14/2021,2021-03-12
India/JH-ILSGS02173/2021,2021-04-13
USA/NM-CDC-ASC210021399/2021,2021-03-25
USA/TX-HMH-MCoV-35186/2020,2020-08-10
Sweden/01_SE100_21CS505383/2020,2020-04-08
USA/CO-CDPHE-2005260955/2020,2020-05-26
USA/CO-CDPHE-2005222197/2020,2020-05-21
USA/TX-HMH-MCoV-43718/2020,2020-07-02
USA/un-Wadsworth-21023351-01/2021,2021-02-06
USA/NY-Wadsworth-21020871-01/2021,2021-02-03
USA/ID-IBL-614251/2020,2020-04-02
tiger/USA/NY-3-040420/2020,2020-04-04
USA/MA-MGH-01397/2020,2020-05-06
tiger/USA/MN-21-001483-001/2021,2021-01-10
cat/USA/PA-20-029571-001/2020,2020-10-02
cat/USA/20-024092-001/2020,2020-08-17
cat/USA/TX-TAMU-057/2020,2020-07-17
Canada/ON-PHL-20-80189/2020,2020-03-15
USA/TX-HMH-MCoV-42357/2020,2020-07-13
cat/USA/MN-20-014543-001/2020,2020-05-20
USA/UT-UPHL-201011705/2020,2020-05-29
deer/USA/IA-204478/2020,2020-12-05
deer/USA/IA-203705/2020,2020-12-09
USA/VA_NIDDL_6319/2020,2020-06-05
India/DL-NCDC-11098/2021,2021-01-27
Switzerland/AG-ETHZ-400003/2020,2020-12-09
Madagascar/IPM-04502/2020,2020-04-22
USA/FL-BPHL-0282/2020,2020-05-13
tiger/USA/NY-040420/2020,2020-04-02
USA/KS-KHEL-0826/2020,2020-05-21
dog/Germany/BY-MVP-000002395/2020,2020-11-24
USA/AZ-TG580392/2020,2020-08-05
USA/WY-WYPHL-00048/2020,2020-03-25
USA/NJ-NYGC-NJ-BioR-618-swab-QIAseq/2020,2020-11-18
USA/CA-SEARCH-15775/2021,2021-01-18
USA/LA-CDC-2-4084832/2021,2021-01-06
USA/LA-CDC-2-4084821/2021,2021-01-14
USA/LA-EVTL823/2020,2020-07-28
England/CAMB-81465/2020,2020-04-10
Sweden/01_SE100_21CS504548/2020,2020-04-13
cat/USA/CA-20-018091-001/2020,2020-06-25
USA/NY-NYCPHL-001936/2020,2020-12-23
USA/TX-HMH-MCoV-40805/2020,2020-07-22
USA/WA-UW-66344/2021,2021-03-03
USA/NM-LANL-2020016419/2020,2020-04-07
USA/NE-MP_NCOV20-15159/2020,2020-05-11
Denmark/DCGC-922/2020,2020-03-30
USA/MA-Yale-1299/2020,2020-04-08
USA/TX-HMH-MCoV-39785/2020,2020-08-06
USA/NY-NYCPHL-000889/2020,2020-03-27
tiger/USA/NY-P4/2020,2020-04-02
USA/NY-NYCPHL-000597/2020,2020-03-10
USA/IL-IDPH-KAK-S-000620/2020,2020-05-11
USA/OR-OHSU-0267/2020,2020-04-11
France/IDF-HB_112101106590/2021,2021-01-26
Norway/2331/2020,2020-03-22
USA/NJ-NYGC-NJ-BioR-592-Ampliseq/2020,2020-09-23
tiger/USA/NY-4-040420/2020,2020-04-04
USA/MI-MDHHS-SC26240/2020,2020-03-31
USA/TX-HMH-MCoV-40744/2020,2020-07-22
tiger/USA/NY-2-040420/2020,2020-04-04
USA/MD-HP07023-PIDZELXVEF/2020,2020-05-04
USA/MI-MDHHS-SC20481/2020,2020-03-31
Wales/PHWC-163EC4/2020,2020-04-24
USA/CA-CZB-27451/2021,2021-01-16
USA/NM-UNM-TC219953/2020,2020-07-27
Qatar/QA-WCMQ_FD15542781/2020,2020-08-24
Belgium/rega-3909/2021,2021-02-22
France/OCC-CHU-TLS-210281595401/2021,2021-01-28
France/IDF-IPP3399/2020,2020-03-23
USA/CO-CDPHE-2008090127/2020,2020-08-07
USA/CO-CDC-FG-022627/2021,2021-04-03
USA/WA-UW-68517/2021,2021-03-23
USA/CO-CDC-FG-019927/2021,2021-04-02
USA/FL-BPHL-0642/2021,2021-02-03
USA/FL-CDC-FG-013045/2021,2021-03-15
USA/AZ-TG795433/2021,2021-03-14
USA/TX-HMH-MCoV-23783/2021,2021-01-15
USA/NY-PRL-2021_03_29_01K09/2021,2021-03-24
Qatar/QA-QU_09-1-E8/2020,2020-04-14
mink/USA/UT-20-023894-003/2020,2020-08-21
mink/USA/UT-20-023279-003/2020,2020-08-14
mink/USA/UT-20-023279-004/2020,2020-08-14
mink/USA/UT-20-023894-006/2020,2020-08-21
mink/USA/UT-20-022930-002/2020,2020-08-10
mink/USA/UT-20-022930-006/2020,2020-08-10
mink/USA/UT-20-023279-002/2020,2020-08-14
mink/USA/UT-20-023279-001/2020,2020-08-14
mink/USA/UT-20-022930-005/2020,2020-08-10
mink/USA/UT-20-022930-009/2020,2020-08-10
USA/AZ-TG814007/2021,2021-02-17
cat/USA/AZ-TG787435/2021,2021-03-16
USA/NY-PRL-2021_03_15_00I05/2021,2021-03-12
Qatar/QA-QU_16-2-A2/2021,2021-01-15
DRC/254881/2021,2021-03-28
Philippines/PH-PGC-10080/2021,2021-03-05
Philippines/PH-PGC-65580/2021,2021-07-16
South_Africa/NHLS-UCT-GS-B363/2021,2021-03-23
USA/WA-UW-66898/2021,2021-03-13
Slovakia/UKBA-2884/2021,2021-04-19
Germany/NW-RKI-I-106144/2021,2021-04-21
Uganda/UG367/2021,2021-03-01
Spain/CL-COV06211/2021,2021-06-15
Reunion/CHU7210633049/2021,2021-06-16
France/IDF-IPP07325/2021,2021-03-03
Belgium/rega-9055/2021,2021-05-07
Netherlands/NB-RIVM-22840/2021,2021-03-25
Belgium/rega-10065/2021,2021-03-24
Austria/CeMM7840/2021,2021-04-14
South_Africa/VIDA-KRISP-K011196/2021,2021-02-01
Zimbabwe/CERI-KRISP-K011548/2020,2020-12-28
USA/WA-CDC-UW21050688417/2021,2021-05-06
France/HDF-HMN-21072120284/2021,2021-07-12
tiger/USA/NY-P3/2020,2020-04-04
USA/CA-CDC-4097522-001/2020,2020-06-09
Austria/CeMM0694/2020,2020-04-18
USA/CA-CZB-14801/2020,2020-11-16
USA/TX-DSHS-0876/2020,2020-06-16
USA/FL-BPHL-2838/2020,2020-07-20
Canada/ON-PHL-20-00212/2020,2020-05-15
USA/MD-MDH-2788/2020,2020-12-01
USA/TX-HMH-MCoV-43406/2020,2020-07-13
USA/TX-HMH-MCoV-44884/2020,2020-07-27
USA/WI-WSLH-200518/2020,2020-05-25
USA/CA-CDC-3744738-001/2020,2020-06-04
USA/VA-CDC-LC0000689/2020,2020-12-27
USA/MI-MDHHS-SC21306/2020,2020-04-02
USA/FL-Miami-579/2021,2021-05-15
USA/VT-21-030629-CR-01/2020,2020-04-03
cat/Spain/CT-IrsiCaixa-G5/2020,2020-04-23
Morocco/HMIMV-00318/2020,2020-12-07
mink/Lithuania/MR-LUHS-Eilnr1490420/2020,2020-11-15
mink/Lithuania/MR-LUHS-Eilnr1490415/2020,2020-11-15
mink/Lithuania/MR-LUHS-Eilnr1490411/2020,2020-11-15
USA/PA-VSP3154/2020,2020-05-27
USA/WI-WSLH-200077/2020,2020-04-21
USA/NY-NYUMC491/2020,2020-03-18
USA/LA-UW-5500165/2020,2020-06-09
USA/TX-HMH-MCoV-40671/2020,2020-07-22
dog/USA/TX-TAMU-149-20-024807-001/2020,2020-08-21
USA/TX-HMH-MCoV-42620/2020,2020-07-19
USA/VA-DCLS-0449/2020,2020-05-04
dog/USA/GA-20-017487-002/2020,2020-06-22
USA/TX-HMH-MCoV-43647/2020,2020-07-05
USA/TX-HMH-3552/2020,2020-06-14
USA/TX-HMH-MCoV-43384/2020,2020-07-13
USA/TX-HMH-MCoV-47822/2020,2020-07-17
USA/NY-NYUMC598/2020,2020-04-03
dog/USA/20-021507-001/2020,2020-07-22
USA/WA-UW-2761/2020,2020-04-15
Indonesia/JB-WJHL-ITB-A85977/2021,2021-01-19
USA/CA-SEARCH-8653/2020,2020-12-11
USA/CA-SEARCH-53380/2021,2021-08-31
Slovenia/250459/2020,2020-12-03
Slovenia/237969/2020,2020-11-27
Saudi_Arabia/KAIMRC02/2020,2020-03-10
USA/WA-UW-10116/2020,2020-05-29
USA/TX-HMH-MCoV-45167/2020,2020-07-24
USA/NY-PRL-2021_0611_52O02/2020,2020-12-28
dog/USA/TX-TAMU-205-20-028754-002/2020,2020-09-24
USA/TX-HMH-MCoV-30337/2020,2020-12-21
cat/USA/TX-TAMU-078/2020,2020-07-29
USA/CA-CDPH-UC1279/2020,2020-12-18
USA/OR-OHSU-3239/2020,2020-10-07
cat/USA/KS-21-000218-001/2021,2021-01-04
cat/USA/TX-TAMU-122-20-024801-002/2020,2020-08-13
cat/USA/FL-BPHL-1081/2021,2021-02-22
cat/USA/FL-BPHL-1082/2021,2021-02-22
cat/USA/FL-BPHL-1083/2021,2021-02-22
USA/CA-CZB-27504/2021,2021-01-16
tiger/USA/TN-20-031498-003/2020,2020-10-27
tiger/USA/TN-20-031353-001/2020,2020-10-19
tiger/USA/TN-20-031353-002/2020,2020-10-19
dog/USA/CT-CVMDL-1/2021,2021-02-12
USA/TX-HMH-MCoV-32400/2020,2020-12-19
USA/TX-HMH-MCoV-24936/2021,2021-01-20
deer/USA/IA-204669/2020,2020-12-09
dog/USA/TX-TAMU-282-20-032807-012/2020,2020-10-22
deer/USA/IA-208099/2020,2020-11-24
deer/USA/IA-208095/2020,2020-11-24
dog/USA/KS-20-035363-001/2020,2020-12-15
cat/USA/TX-TAMU-212-20-029604-001/2020,2020-10-06
dog/USA/TX-TAMU-173-20-028046-004/2020,2020-09-14
deer/USA/IA-208334/2020,2020-12-17
deer/USA/IA-208331/2020,2020-11-18
deer/USA/IA-208103/2020,2020-11-24
deer/USA/IA-208116/2020,2020-12-10
deer/USA/IA-208105/2020,2020-11-24
deer/USA/IA-208113/2020,2020-12-10
deer/USA/IA-208110/2020,2020-12-10
deer/USA/IA-208101/2020,2020-11-24
deer/USA/IA-208106/2020,2020-11-24
deer/USA/IA-208102/2020,2020-11-24
deer/USA/IA-208112/2020,2020-12-10
deer/USA/IA-208107/2020,2020-11-24
deer/USA/IA-208111/2020,2020-12-10
deer/USA/IA-208115/2020,2020-12-10
deer/USA/IA-208329/2020,2020-11-17
deer/USA/IA-208104/2020,2020-11-24
deer/USA/IA-208114/2020,2020-12-10
deer/USA/IA-208117/2020,2020-12-23
deer/USA/IA-208109/2020,2020-12-10
deer/USA/IA-208100/2020,2020-11-24
deer/USA/IA-208108/2020,2020-12-10
deer/USA/IA-208330/2020,2020-11-17
deer/USA/IA-206978/2020,2020-12-28
deer/USA/IA-207437/2020,2020-10-31
deer/USA/OH-OSU-0109/2021,2021-02-02
deer/USA/OH-OSU-0335/2021,2021-02-25
deer/USA/OH-OSU-0336/2021,2021-02-25
deer/USA/OH-OSU-0341/2021,2021-02-25
deer/USA/OH-OSU-0343/2021,2021-02-25
deer/USA/OH-OSU-0344/2021,2021-02-25
deer/USA/OH-OSU-0340/2021,2021-02-25
mink/USA/OR-20-034329-009/2020,2020-11-24
mink/USA/OR-20-034329-008/2020,2020-11-24
mink/USA/OR-20-034329-005/2020,2020-11-24
mink/USA/OR-20-034329-010/2020,2020-11-24
snow_leopard/USA/KY-20-035685-003/2020,2020-12-04
deer/USA/IA-207770/2020,2020-12-02
cat/USA/AR-21-001379-001/2021,2021-01-07
cat/USA/FL-21-003328-001/2021,2021-01-26
Spain_and_plub/CT_LabRefCat-1691729/2021,2021-12-18
deer/USA/OH-OSU-0025/2021,2021-01-26
deer/USA/OH-OSU-0212/2021,2021-02-24
deer/USA/IA-207253/2020,2020-11-30
deer/USA/IA-205795/2020,2020-12-07
deer/USA/IA-207707/2020,2020-12-10
deer/USA/IA-208043/2020,2020-10-08
deer/USA/IA-208098/2020,2020-11-24
deer/USA/IA-207579/2020,2020-11-17
deer/USA/IA-207391/2020,2020-11-29
deer/USA/IA-207531/2020,2020-11-08
deer/USA/IA-207589/2020,2020-11-24
deer/USA/IA-207431/2020,2020-10-28
deer/USA/IA-207530/2020,2020-11-07
deer/USA/IA-207649/2020,2020-12-05
deer/USA/IA-207150/2020,2020-11-15
deer/USA/OH-OSU-0141/2021,2021-02-16
deer/USA/OH-OSU-0078/2021,2021-02-01
deer/USA/OH-OSU-0079/2021,2021-02-01
deer/USA/IA-206407/2020,2020-11-06
tiger/USA/IN-21-003442-002/2021,2021-02-02
deer/USA/IA-205769/2020,2020-12-08
deer/USA/IA-204472/2020,2020-12-05
deer/USA/IA-204473/2020,2020-12-05
deer/USA/IA-208017/2020,2020-09-28
deer/USA/IA-204364/2020,2020-12-07
deer/USA/IA-205750/2020,2020-12-07
deer/USA/IA-204668/2020,2020-12-09
USA/CA-CDPH-2000013546/2020,2020-12-15
USA/TX-HMH-MCoV-22788/2020,2020-12-29
USA/TX-HMH-MCoV-22428/2021,2021-01-11
deer/USA/IA-207337/2020,2020-09-30
deer/USA/IA-204363/2020,2020-12-07
deer/USA/IA-206527/2020,2020-10-15
USA/AK-PHL6549/2020,2020-11-30
USA/TX-CDC-4061505-001/2020,2020-06-01
USA/FL-BPHL-14773/2021,2021-01-26
USA/LA-BIE-LSUH000777/2020,2020-04-12
USA/CA-Stanford-04_S33/2021,2021-01-11
USA/IL-IDPH-JOH-C-001082/2020,2020-05-11
USA/IL-IDPH-UNI-C-000976/2020,2020-05-11
USA/IL-IDPH-UNI-C-001279/2020,2020-05-23
USA/IL-IDPH-MCH-S-000771/2020,2020-05-20
USA/ID-IBL-617605/2020,2020-04-29
USA/TX-HMH-MCoV-43325/2020,2020-07-13
USA/AZ-TG311191/2020,2020-05-14
USA/AZ-ASPHL-836/2020,2020-05-20
cat/USA/TX-TAMU-252-20-031373-005/2020,2020-10-15
cat/USA/TX-TAMU-250-20-031373-004/2020,2020-10-15
Canada/ON-PHL-21-44225/2021,2021-12-01
USA/MI-MDHHS-SC23517/2020,2020-11-29
USA/MI-MDHHS-SC22669/2020,2020-11-29
mink/USA/MI-CDC-3886954-001/2020,2020-10-17
mink/USA/MI-CDC-3886755-001/2020,2020-10-15
mink/USA/MI-CDC-3886572-001/2020,2020-10-13
mink/USA/MI-CDC-3886875-001/2020,2020-10-16
mink/USA/MI-CDC-3886922-001/2020,2020-10-16
mink/USA/MI-CDC-3886765-001/2020,2020-10-15
mink/USA/MI-CDC-3886552-001/2020,2020-10-13
mink/USA/MI-CDC-3886495-001/2020,2020-10-13
mink/USA/MI-CDC-3886496-001/2020,2020-10-13
mink/USA/MI-CDC-3886648-001/2020,2020-10-14
mink/USA/MI-CDC-3886398-001/2020,2020-10-15
mink/USA/MI-CDC-3886810-001/2020,2020-10-16
mink/USA/MI-CDC-3886725-001/2020,2020-10-16
mink/USA/MI-CDC-3886516-001/2020,2020-10-13
mink/USA/MI-CDC-3886711-001/2020,2020-10-13
mink/USA/MI-CDC-3886779-001/2020,2020-10-15
mink/USA/MI-CDC-3886624-001/2020,2020-10-14
mink/USA/MI-CDC-3886453-001/2020,2020-10-13
mink/USA/MI-CDC-3886391-001/2020,2020-10-15
mink/USA/MI-CDC-3886891-001/2020,2020-10-16
mink/USA/MI-20-028629-002/2020,2020-09-28
mink/USA/MI-CDC-3886728-001/2020,2020-10-14
mink/USA/MI-CDC-3886434-001/2020,2020-10-16
mink/USA/MI-CDC-3886709-001/2020,2020-10-14
mink/USA/MI-CDC-3886940-001/2020,2020-10-18
mink/USA/MI-CDC-3886544-001/2020,2020-10-13
mink/USA/MI-CDC-3886799-001/2020,2020-10-15
mink/USA/MI-CDC-3886613-001/2020,2020-10-14
mink/USA/MI-CDC-3886693-001/2020,2020-10-14
mink/USA/MI-CDC-3886492-001/2020,2020-10-13
mink/USA/MI-CDC-3886719-001/2020,2020-10-14
mink/USA/MI-CDC-3886694-001/2020,2020-10-14
mink/USA/MI-CDC-3886641-001/2020,2020-10-14
mink/USA/MI-CDC-3886724-001/2020,2020-10-15
mink/USA/MI-CDC-3886727-001/2020,2020-10-14
mink/USA/MI-CDC-3886720-001/2020,2020-10-14
mink/USA/MI-CDC-3886602-001/2020,2020-10-14
mink/USA/MI-CDC-3886941-001/2020,2020-10-16
mink/USA/MI-CDC-3886707-001/2020,2020-10-14
mink/USA/MI-CDC-3886603-001/2020,2020-10-14
mink/USA/MI-CDC-3886734-001/2020,2020-10-15
mink/USA/MI-CDC-3886953-001/2020,2020-10-16
mink/USA/MI-CDC-3886955-001/2020,2020-10-18
mink/USA/MI-CDC-3886793-001/2020,2020-10-15
mink/USA/MI-20-028629-004/2020,2020-09-28
mink/USA/MI-CDC-3886841-001/2020,2020-10-16
mink/USA/MI-CDC-3886708-001/2020,2020-10-14
mink/USA/MI-CDC-3886772-001/2020,2020-10-15
mink/USA/MI-CDC-3886430-001/2020,2020-10-16
mink/USA/MI-CDC-3886759-001/2020,2020-10-15
mink/USA/MI-CDC-3886540-001/2020,2020-10-13
mink/USA/MI-CDC-3886712-001/2020,2020-10-14
mink/USA/MI-CDC-3886786-001/2020,2020-10-15
mink/USA/MI-CDC-3886865-001/2020,2020-10-16
mink/USA/MI-CDC-3886800-001/2020,2020-10-15
mink/USA/MI-CDC-3886854-001/2020,2020-10-16
USA/MI-MDHHS-SC22140/2020,2020-10-06
USA/MI-MDHHS-SC22125/2020,2020-10-06
USA/NJ-NYGC-NJ-BioR-303-AmpliSeq/2020,2020-07-02
mink/USA/WI-CDC-3892612-001/2020,2020-10-15
mink/USA/WI-CDC-3892613-001/2020,2020-10-15
mink/USA/WI-CDC-3892840-001/2020,2020-10-15
mink/USA/WI-CDC-3892918-001/2020,2020-10-15
mink/USA/WI-CDC-3892921-001/2020,2020-10-15
mink/USA/WI-CDC-3892588-001/2020,2020-10-13
mink/USA/WI-CDC-3892586-001/2020,2020-10-13
mink/USA/WI-CDC-3892590-001/2020,2020-10-13
mink/USA/WI-CDC-3892581-001/2020,2020-10-13
mink/USA/WI-CDC-3892849-001/2020,2020-10-15
mink/USA/WI-CDC-3892848-001/2020,2020-10-15
mink/USA/WI-CDC-3892916-001/2020,2020-10-15
mink/USA/WI-CDC-3892585-001/2020,2020-10-13
mink/USA/WI-CDC-3892568-001/2020,2020-10-15
mink/USA/WI-CDC-3892578-001/2020,2020-10-13
mink/USA/WI-CDC-3892876-001/2020,2020-10-14
mink/USA/WI-CDC-3892911-001/2020,2020-10-15
mink/USA/WI-CDC-3892596-001/2020,2020-10-13
mink/USA/WI-CDC-3892847-001/2020,2020-10-15
mink/USA/WI-CDC-3892928-001/2020,2020-10-15
mink/USA/WI-CDC-3892625-001/2020,2020-10-15
mink/USA/WI-CDC-3892842-001/2020,2020-10-15
mink/USA/WI-CDC-3892875-001/2020,2020-10-14
mink/USA/WI-CDC-3892894-001/2020,2020-10-13
mink/USA/WI-CDC-3892917-001/2020,2020-10-15
mink/USA/WI-CDC-3892576-001/2020,2020-10-14
mink/USA/WI-CDC-3892899-001/2020,2020-10-13
mink/USA/WI-CDC-3892898-001/2020,2020-10-13
mink/USA/WI-CDC-3892883-001/2020,2020-10-13
mink/USA/WI-CDC-3892583-001/2020,2020-10-13
USA/WI-WSLH-200721/2020,2020-10-03
mink/USA/WI-CDC-3892938-001/2020,2020-10-15
mink/USA/WI-CDC-3892604-001/2020,2020-10-15
mink/USA/WI-CDC-3892621-001/2020,2020-10-15
mink/USA/WI-20-028748-002/2020,2020-10-02
mink/USA/WI-20-028748-001/2020,2020-10-02
mink/USA/WI-CDC-3892624-001/2020,2020-10-15
mink/USA/WI-CDC-3892580-001/2020,2020-10-13
mink/USA/WI-CDC-3892607-001/2020,2020-10-15
mink/USA/WI-20-028748-006/2020,2020-10-02
mink/USA/WI-CDC-3892618-001/2020,2020-10-15
mink/USA/WI-CDC-3892850-001/2020,2020-10-15
mink/USA/WI-CDC-3892896-001/2020,2020-10-13
mink/USA/WI-CDC-3892577-001/2020,2020-10-13
mink/USA/WI-CDC-3892589-001/2020,2020-10-13
mink/USA/WI-CDC-3892587-001/2020,2020-10-13
mink/USA/WI-CDC-3892584-001/2020,2020-10-13
mink/USA/WI-CDC-3892591-001/2020,2020-10-13
mink/USA/WI-CDC-3892592-001/2020,2020-10-13
mink/USA/WI-CDC-3892579-001/2020,2020-10-13
mink/USA/WI-CDC-3892594-001/2020,2020-10-13
mink/USA/WI-20-031493-001/2020,2020-10-28
mink/USA/WI-20-031493-003/2020,2020-10-28
USA/NE-CUMC_21081058/2021,2021-03-08
USA/TX-HMH-MCoV-8963/2020,2020-07-02
USA/TX-HMH-MCoV-8462/2020,2020-07-01
USA/TX-HMH-MCoV-40474/2020,2020-08-03
USA/TX-HMH-3169/2020,2020-06-11
USA/GA-CDC-4049091-001/2020,2020-07-13
USA/TX-HMH-MCoV-33283/2020,2020-12-17
USA/TX-HMH-MCoV-40932/2020,2020-07-21
USA/TX-HMH-MCoV-39934/2020,2020-08-05
USA/TX-HMH-4696/2020,2020-06-22
USA/TX-HMH-4685/2020,2020-06-20
deer/USA/OH-OSU-0057/2021,2021-01-28
deer/USA/OH-OSU-0058/2021,2021-01-28
USA/TX-HMH-MCoV-40777/2020,2020-07-22
USA/TX-HMH-3118/2020,2020-06-11
USA/TX-HMH-MCoV-34187/2020,2020-12-29
cat/USA/TX-TAMU-270-20-032807-007/2020,2020-10-22
cat/USA/TX-TAMU-269-20-032807-002/2020,2020-10-22
cat/USA/TX-TAMU-146-20-024806-001/2020,2020-08-21
dog/USA/TX-TAMU-096-20-024606-001/2020,2020-08-11
USA/TX-HMH-MCoV-35117/2020,2020-08-11
USA/WI-CDC-4065253-001/2021,2021-02-11
USA/TX-HMH-MCoV-34780/2020,2020-08-14
USA/CO-CDPHE-2010132029/2020,2020-10-08
USA/CA-CZB-13805/2020,2020-08-17
USA/CO-CDPHE-2100254859/2021,2021-01-20
USA/AZ-TG745741/2020,2020-11-04
USA/LA-EVTL699/2020,2020-07-14
USA/TX-HMH-MCoV-16299/2020,2020-10-30
USA/TX-HMH-MCoV-12254/2020,2020-09-23
USA/TX-HMH-MCoV-41555/2020,2020-07-21
USA/TX-HMH-MCoV-8792/2020,2020-07-01
USA/TX-HMH-MCoV-34510/2020,2020-08-11
USA/TX-HMH-MCoV-39546/2020,2020-08-08
USA/TX-HMH-MCoV-16519/2020,2020-11-03
USA/TX-HMH-MCoV-47157/2020,2020-07-31
USA/MI-MDHHS-SC26815/2020,2020-05-26
USA/MI-MDHHS-SC22103/2020,2020-05-01
USA/NV-NSPHL-NV2065578/2021,2021-02-01
USA/MI-MDHHS-SC20494/2020,2020-05-01
USA/MI-MDHHS-SC21254/2020,2020-04-04
cat/France/IDF-53/2020,2020-04-17
Turkey/HSGM-B17043/2021,2021-06-16
USA/OH-CDC-QDX23008955/2021,2021-03-16
Spain/VC-IBV-98004353/2020,2020-03-25
Belgium/UGent-2478/2021,2021-02-20
deer/USA/IA-201793/2020,2020-12-06
deer/USA/IA-200239/2020,2020-12-05
Wales/PHWC-318FF/2020,2020-04-11
Spain/IB-IBV-2588/2020,2020-04-13
Kenya/C26/2020,2020-03-21
Spain/UN-ORC01423/2020,2020-03-23
England/LIVE-9A575/2020,2020-03-26
Botswana/R8B58_BHP_AAA24506/2020,2020-09-27
Spain/VC-IBV-98003432/2020,2020-04-02
Wales/PHWC-330E6/2020,2020-04-14
dog/Germany/BY-MVP-000002394/2020,2020-11-24
England/NOTT-10FCDF/2020,2020-04-08
England/CAMB-845C9/2020,2020-04-16
Madagascar/IPM-01918/2021,2021-02-15
Iceland/924/2020,2020-04-14
dog/USA/TX-TAMU-392-21-002748-002/2020,2020-12-22
Turkey/HSGM-B17214/2021,2021-06-16
dog/Germany/BY-MVP-000003828/2020,2020-11-24
Germany/BW-RKI-I-047751/2021,2021-03-04
USA/CO-CDPHE-2009212091/2020,2020-09-21
South_Africa/Tygerberg_1233/2020,2020-07-31
USA/IL-NM-8519/2020,2020-04-11
United_Arab_Emirates/0070/2020,2020-05-18
lion/Spain/CT-ZooBarcelona-CR-158-35-P002TH1H6/2020,2020-11-16
lion/Spain/CT-ZooBarcelona-CR_162.1.1-R009AO3D1/2020,2020-11-13
lion/Spain/CT-ZooBarcelona-CR-158-2-IrsiCaixaP002TH1H2/2020,2020-11-11
lion/Spain/CT-ZooBarcelona-CR-129-IrsiCaixaP002TH1G10/2020,2020-11-10
lion/Spain/CT-ZooBarcelona-CR-122-IrsiCaixaP002TH1G5/2020,2020-11-11
lion/Spain/CT-ZooBarcelona-CR-158-10-IrsiCaixaP002TH1H3/2020,2020-11-10
lion/Spain/CT-ZooBarcelona-CR-123-IrsiCaixaP002TH1G6/2020,2020-11-11
lion/Spain/CT-ZooBarcelona-CR-130-IrsiCaixaP002TH1G11/2020,2020-11-10
lion/Spain/CT-ZooBarcelona-CR-132-IrsiCaixaP002TH1H1/2020,2020-11-10
lion/Spain/CT-ZooBarcelona-CR-131-IrsiCaixaP002TH1G12/2020,2020-11-10
lion/Spain/CT-ZooBarcelona-CR-158-62-IrsiCaixaP002TH1H11/2020,2020-11-18
lion/Spain/CT-ZooBarcelona-CR-158-51-IrsiCaixaP002TH1H8/2020,2020-11-15
lion/Spain/CT-ZooBarcelona-CR-158-30-IrsiCaixaP002TH1H5/2020,2020-11-13
lion/Spain/CT-ZooBarcelona-CR-158-66-IrsiCaixaP002TH1H12/2020,2020-11-18
lion/Spain/CT-ZooBarcelona-CR-128-IrsiCaixaR005TQ1B6/2020,2020-11-11
lion/Spain/CT-ZooBarcelona-CR-158-54-IrsiCaixaP002TH1H9/2020,2020-11-15
lion/Spain/CT-ZooBarcelona-CR-127-IrsiCaixaP002TH1G9/2020,2020-11-11
lion/Spain/CT-ZooBarcelona-CR-158-28-IrsiCaixaP002TH1H4/2020,2020-11-13
lion/Spain/CT-ZooBarcelona-CR-142-IrsiCaixaR003MP1E12/2020,2020-11-23
dog/Italy/Dog399-20BA/2020,2020-11-04
dog/Netherlands/un-EMC-2/2020,2020-10-29
France/OCC-CHU-TLS-210621389301/2021,2021-03-03
France/OCC-CHU-TLS-210561292701/2021,2021-01-28
France/OCC-CHU-TLS-210541428301/2021,2021-02-23
cat/Italy/VE-IZSVe-20DIA30040-2/2020,2020-11-27
cat/Latvia/2561/2021,2021-02-11
mink/Latvia/2333/2021,2021-04-23
mink/Latvia/2341/2021,2021-04-27
mink/Latvia/5341/2021,2021-10-07
mink/Latvia/5337/2021,2021-10-13
Denmark/DCGC-35899/2021,2021-01-18
tiger/Sweden/SVA210113SZ0259-KN007616/2021,2021-01-12
lion/Sweden/SVA210116SZ851937/2021,2021-01-12
lion/Sweden/SVA210116SZ851481/2021,2021-01-12
Switzerland/VD-ETHZ-300422/2020,2020-09-29
England/MILK-B8FA6A/2020,2020-11-13
USA/WY-WPHL-21024046/2021,2021-03-18
USA/TX-HMH-MCoV-23834/2021,2021-01-14
USA/CA-CDPH-3000012815/2021,2021-02-13
USA/TX-HMH-MCoV-33692/2020,2020-12-31
USA/CA-CDPH-2000041213/2021,2021-03-04
Mexico/CMX-INER-IBT-1135/2020,2020-07-03
USA/CA-CDPH-2000025717/2021,2021-01-13
DRC/11300/2020,2020-05-25
USA/WA-UW-67382/2021,2021-03-13
England/MILK-A7CBF5/2020,2020-10-15
Denmark/DCGC-28436/2021,2021-01-04
Canada/QC-L00327283001/2021,2021-02-20
Canada/QC-L00325825001/2021,2021-02-17
Canada/Qc-HCLM-7051651399/2021,2021-02-03
Canada/QC-1nIEOQ-7056295969/2021,2021-02-06
Canada/QC-1nIEOQ-7051625288/2021,2021-01-24
Canada/Qc-HCLM-7051641585/2021,2021-01-30
Canada/QC-1nIOU-A6105600/2021,2021-02-10
Canada/QC-1nIOU-A6223422/2021,2021-02-22
Canada/QC-L00344931001/2021,2021-04-10
Canada/QC-L00344413/2021,2021-04-05
Canada/QC-1nMCY-S9101642/2021,2021-01-10
Canada/QC-1nQUP-9966706449/2021,2021-03-05
Canada/QC-1nDWVQ-MX21112971/2021,2021-03-22
Canada/QC-HCLM-7056264461/2021,2021-01-21
Canada/QC-1nKGZ-R8092409/2021,2021-02-09
Canada/QC-1nSKP-8143279791/2021,2021-03-01
Canada/QC-1nKGZ-R7030873/2021,2021-01-03
Canada/QC-HPB-U01423739Q/2020,2020-12-14
Canada/Qc-PSM-0069499032/2021,2021-02-02
Canada/QC-1nMCY-T0011377/2021,2021-02-01
Canada/QC-1nIUH-5524313426/2021,2021-02-24
Canada/QC-1nSKP-8143365150/2021,2021-03-17
Canada/QC-1nIUH-5524329881/2021,2021-03-12
Canada/QC-1nIUH-5524327431/2021,2021-03-10
mink/Spain/AR-CEETE-MINK02/2020,2020-07-17
mink/Spain/AR-CEETE-MINK01/2020,2020-07-17
mink/Spain/AR-CEETE-MINK05/2020,2020-07-17
mink/Spain/AR-CEETE-MINK03/2020,2020-07-17
mink/Spain/AR-CEETE-MINK04/2020,2020-07-17
Turkey/HSGM-B16924/2021,2021-06-15
Turkey/HSGM-B16840/2021,2021-06-16
Turkey/HSGM-B16954/2021,2021-06-16
Gambia/GC19-1715/2020,2020-05-22
Turkey/HSGM-CF5953/2021,2021-08-16
Turkey/HSGM-D21336/2021,2021-08-20
Turkey/HSGM-D23828/2021,2021-08-21
gorilla/USA/CA-ALSR-5742/2021,2021-01-10
Turkey/HSGM-B17117/2021,2021-06-16
Turkey/HSGM-4304/2021,2021-02-12
USA/CA-SEARCH-53317/2021,2021-08-27
USA/CA-CDPH-2000016455/2020,2020-12-16
cat/Netherlands/NB04_55/2020,2020-05-30
mink/Netherlands/NB-EMC-20-34/2020,2020-07-09
mink/Netherlands/NB-EMC-38-40/2020,2020-08-22
mink/Netherlands/NB-EMC-47-3/2020,2020-09-04
mink/Netherlands/NB-EMC-51-10/2020,2020-09-12
mink/Netherlands/NB-EMC-51-20/2020,2020-09-12
mink/Netherlands/NB-EMC-56-8/2020,2020-09-23
mink/Netherlands/NB-EMC-47-1/2020,2020-09-04
mink/Netherlands/NB-EMC-64-3/2020,2020-10-14
mink/Netherlands/NB-EMC-53-28/2020,2020-06-15
mink/Netherlands/NB-EMC-53-21/2020,2020-06-15
mink/Netherlands/NB-EMC-1-1/2020,2020-04-28
mink/Netherlands/NB-EMC-12-11/2020,2020-06-07
India/UK-NCDC-2609206/2021,2021-04-15
lion/India/TG-CCMB-L2/2021,2021-04-26
lion/India/TG-CCMB-L1/2021,2021-04-26
Turkey/HSGM-B17839/2021,2021-06-17
Spain/PV-IBV-000904/2020,2020-03-26
USA/NV-NSPHL-NV2050489/2021,2021-04-29
cat/Croatia/4604/2021,2021-04-15
Germany/un-RKI-I-078724/2021,2021-03-31
Germany/SN-RKI-I-057886/2021,2021-03-16
Germany/un-RKI-I-066278/2021,2021-03-30
Germany/un-RKI-I-066291/2021,2021-03-29
Germany/un-RKI-I-064793/2021,2021-03-11
Germany/un-RKI-I-064828/2021,2021-03-12
Germany/BY-RKI-I-054159/2021,2021-03-19
mink/Slovenia/D1/2020,2020-11-23
dog/Bosnia_and_Herzegovina/VFS-UNSA-LMGFI427/2021,2021-03-02
dog/Bosnia_and_Herzegovina/VFS-UNSA-LMGFI426/2021,2021-01-27
USA/CA-CDPH-MC1133017/2020,2020-10-08
Russia/SVE-RII-MH16165S/2021,2021-02-28
Belize/CML-19/2021,2021-01-25
Canada/ABPHL-04169/2020,2020-11-30
USA/AZ-TG779778/2020,2020-11-05
USA/CA-CSMC503/2020,2020-11-16
USA/SC-DHEC-0369/2021,2021-02-10
USA/CA-CZB-27231/2021,2021-02-18
Spain/CT-IBV-97013578/2020,2020-04-13
cat/Hong_Kong/20-04236/2020,2020-03-30
Spain/NC-IBV-001426/2020,2020-03-23
Israel/CVL-414/2020,2020-12-27
Switzerland/SH-ETHZ-370454/2020,2020-11-16
deer/USA/IA-201796/2020,2020-12-06
deer/USA/IA-203522/2020,2020-12-08
deer/USA/IA-201797/2020,2020-12-06
deer/USA/IA-201795/2020,2020-12-06
deer/USA/IA-203525/2020,2020-12-08
deer/USA/IA-203526/2020,2020-12-08
deer/USA/IA-203700/2020,2020-12-09
deer/USA/IA-203701/2020,2020-12-09
deer/USA/IA-203704/2020,2020-12-09
USA/CA-CDPH-1002004742/2020,2020-11-11
USA/SD-SDPHL-0438/2020,2020-09-08
USA/AZ-TG796469/2020,2020-10-16
mink/USA/UT-20-032049-008/2020,2020-10-29
mink/USA/UT-20-031893-010/2020,2020-10-29
mink/USA/UT-20-031894-017/2020,2020-10-29
mink/USA/UT-20-031894-014/2020,2020-10-29
mink/USA/UT-20-032048-008/2020,2020-10-29
mink/USA/UT-20-032048-005/2020,2020-10-29
mink/USA/UT-20-032049-004/2020,2020-10-29
mink/USA/UT-20-031893-001/2020,2020-10-29
mink/USA/UT-20-028674-005/2020,2020-10-01
mink/USA/UT-20-028674-001/2020,2020-10-01
mink/USA/UT-20-027448-002/2020,2020-09-22
mink/USA/UT-20-027447-004/2020,2020-09-22
mink/USA/UT-20-027447-002/2020,2020-09-22
cat/USA/CA-21-000296-001/2020,2020-12-28
mink/USA/UT-20-027448-004/2020,2020-09-22
mink/USA/UT-20-026330-002/2020,2020-09-14
mink/USA/UT-20-026330-003/2020,2020-09-14
mink/USA/UT-20-026330-006/2020,2020-09-14
USA/KS-MAWD-7093230.A/2021,2021-02-04
Israel/CVL-3231/2021,2021-01-20
USA/FL-Shands-VTM-1605/2021,2021-04-15
USA/CA-UCSF-UC912/2020,2020-12-31
deer/USA/IA-206535/2020,2020-12-22
deer/USA/IA-206739/2020,2020-12-15
USA/WY-WYPHL-20087471/2020,2020-10-02
cat/USA/AL-20-028488-001/2020,2020-09-25
cat/USA/TX-TAMU-197-20-028752-001/2020,2020-09-22
USA/WY-WYPHL-20149867/2020,2020-11-24
deer/USA/IA-201821/2020,2020-12-10
deer/USA/IA-201833/2020,2020-12-10
deer/USA/IA-201835/2020,2020-12-10
deer/USA/IA-201820/2020,2020-12-10
cat/USA/TX-TAMU-013/2020,2020-06-28
USA/KS-KHEL-0743/2020,2020-12-03
tiger/USA/TX-21-002026-001/2021,2021-01-16
lion/USA/TX-21-004077-001/2021,2021-02-03
USA/GA-CDC-STM-000014710/2021,2021-02-13
USA/GA-CDC-LC0023529/2021,2021-03-04
Mexico/CMX-INMEGEN-04-07-58/2020,2020-06-12
USA/AZ-TG785087/2020,2020-11-08
cat/USA/20-023863-001/2020,2020-08-13
cat/USA/TX-TAMU-104-20-024799-001/2020,2020-08-12
cat/USA/VA-20-037760-004/2020,2020-12-18
USA/NY-Wadsworth-21027845-01/2021,2021-02-24
mink/Belarus/RRPCEM-VIS_2216O/2020,2020-06-22
mink/Belarus/RRPCEM-VIS_2210O/2020,2020-06-22
cat/Belarus/RRPCEM-VIS_1884O/2020,2020-11-19
USA/PA-MGEL-00907/2020,2020-10-31
cat/Switzerland/ZH-UZH-S20_1829/2020,2020-12-30
England/CAMC-B99FD7/2020,2020-11-15
USA/NJ-CDC-LC0017080/2021,2021-02-11
Spain/NC-CHN-01001074/2021,2021-02-04
USA/CA-LACPHL-AF00969/2020,2020-12-18
Sweden/21-20437/2021,2021-01-20
Canada/BC-BCCDC-105519/2021,2021-05-13
Canada/SK-NML-109690/2021,2021-06-22
Canada/BC-BCCDC-158569/2021,2021-07-15
Brazil/SP-IB_101051/2021,2021-04-07
Brazil/TO-NXBS2224GENOV70975091136/2021,2021-06-07
USA/MA-CDCBI-CRSP_HHN7DU3452JSNORW/2021,2021-08-07
Brazil/SP-HIAE-ID201/2021,2021-05-23
USA/NY-PRL-2021_0405_00K09/2021,2021-03-31
Brazil/RJ-LNN00891/2021,2021-04-14
Brazil/SP-IAL-4338/2021,2021-07-19
cat/Brazil/BA-UFOB/2021,2021-05-01
Brazil/SP-IAL-5132/2021,2021-08-24
France/PAC-HCL021056641501/2021,2021-03-16
Brazil/SP-IB_102032/2021,2021-04-25
Brazil/SP-IB_102109/2021,2021-04-25
Brazil/SP-IB_100962/2021,2021-04-05
Chile/AN-119299/2021,2021-06-30
Brazil/MG-HLAGYN-1861301/2021,2021-08-21
Belgium/IPG-285/2021,2021-04-26
USA/OR-CDC-LC0069616/2021,2021-06-02
Brazil/SP-19502/2021,2021-04-01
USA/MA-UMASSMED-P028G03/2021,2021-05-27
cat/Latvia/411/2020,2020-12-17
lion/India/TG-CCMB-L4/2021,2021-04-26
cat/USA/CT-21-002490-001/2021,2021-01-23
cat/USA/CT-21-002728-001/2021,2021-01-23
cat/Japan/VetC1/2020,2020-09-15
cat/Japan/VetC7/2021,2021-01-15
hamster/Russia/MOW-Moscow_PMVL-1-B1/2020,2020-07-30
hamster/Russia/MOW-Moscow_PMVL-1-B2/2020,2020-07-30
Peru/LIM-UPCH-1608/2020,2020-09-14
Argentina/INEI104721/2021,2021-04-26
Argentina/PAIS-E0490/2021,2021-10-26
Argentina/PAIS-E0483/2021,2021-10-28
Peru/LIM-INS-423/2021,2021-01-17
El_Salvador/INC-LNSP-033/2021,2021-08-02
cat/Peru/sc2_cat2/2021,2021-03-26
cat/Peru/sc2_cat1/2021,2021-03-26
cat/Peru/sc2_cat3/2021,2021-05-02
dog/Croatia/4603/2021,2021-04-15
cat/France/Env-Ba/2020,2020-05-14
cat/France/Env-Di/2020,2020-05-14
dog/Hong_Kong/20-03695/2020,2020-03-18
cat/USA/KY-20-026484-001/2020,2020-09-08
cat/Switzerland/ZH-UZH-Cat1/2020,2020-11-16
dog/USA/TX-20-018592-001/2020,2020-06-26
cat/England/CVR-Cat2/2020,2020-05-02
cat/Russia/LEN-RII-22390S/2021,2021-01-08
coati/Brazil/MG-FUNED-Q535/2021,2021-02-18
monkey/USA/MD-USAMRIID-AGM/2020,2020-04-06
cat/Greece/2K/2020,2020-11-23
cat/Russia/RII-LEN-22246S/2021,2021-01-06
mink/Canada/BC-E/2020,2020-12-04
mink/Canada/A/2020,2020-12-04
mink/Canada/B/2020,2020-12-04
mink/Canada/C/2020,2020-12-04
mink/Canada/D/2020,2020-12-04
cat/Latvia/2560/2021,2021-02-25
tiger/USA/VA-21-010728-003/2021,2021-04-09
tiger/USA/VA-21-010728-001/2021,2021-04-09
cat/France/un-JockerO/2021,2021-03-22
cat/USA/TX-TAMU-571-21-012903-001/2021,2021-04-15
dog/USA/MS-21-012417-001/2021,2021-04-16
otter/USA/GA-21-011485-005/2021,2021-04-16
otter/USA/GA-21-011485-003/2021,2021-04-16
otter/USA/GA-21-011485-011/2021,2021-04-16
otter/USA/GA-21-011485-007/2021,2021-04-16
otter/USA/GA-21-011485-009/2021,2021-04-16
cat/USA/TX-TAMU-562-21-012714-001/2021,2021-04-15
cat/USA/TX-TAMU-21-005988-005-467/2021,2021-02-12
dog/USA/TX-TAMU-21-005988-002-466/2021,2021-02-12
dog/Switzerland/TI-USZ_14_Tier1_Follow_up_1_Nase/2021,2021-06-03
cat/Germany/NW-FLI-0721/2021,2021-04-09
lion/Czech_Republic/3855-1/2021,2021-02-25
leopard/Czech_Republic/4102-5/2021,2021-03-01
tiger/Czech_Republic/4243-7/2021,2021-03-03
gorilla/Czech_Republic/4243-6/2021,2021-03-03
gorilla/Czech_Republic/5145-2/2021,2021-03-17
dog/Bosnia_and_Herzegovina/VFS-UNSA-LMGFI057/2021,2021-03-02
dog/Thailand/CU27042N/2021,2021-05-04
cat/Thailand/CU27081N/2021,2021-05-07
dog/Thailand/CU27184N/2021,2021-05-19
lion/USA/PA-21-010357-002/2021,2021-04-04
cat/Argentina/PAIS-C0164/2021,2021-05-10
lion/Sri_Lanka/CDR236/2021,2021-06-16
cat/Italy/PIE-IGA-cat/2021,2021-03-10
cat/France/un-UCN-JockerR/2021,2021-03-22
Turkey/HSGM-B4075/2021,2021-03-31
Austria/CeMM22012/2021,2021-12-28
USA/ID-CDC-LC0470926/2022,2022-01-04
USA/NC-CDC-LC0464384/2022,2022-01-04
syrian_hamster/India/MH-ICMR-MCL-21-11828-HAM1NT-P2-8420/2021,2021-11-15
syrian_hamster/India/MH-ICMR-MCL-21-11828-HAM2NT-P1-8413/2021,2021-11-15
syrian_hamster/India/MH-ICMR-MCL-21-11828-HAM1-NT-p2-vero-8234/2021,2021-11-15
syrian_hamster/India/MH-ICMR-MCL-21-11828-HAM2-NT-p1-vero-8229/2021,2021-11-15
syrian_hamster/India/MH-ICMR-MCL-21-11828-HAM2-lung-p1-vero-8231/2021,2021-11-15
syrian_hamster/India/MH-ICMR-MCL-21-12521-1-HAM10-NT-p1-vero-8233/2021,2021-11-15
syrian_hamster/India/MH-ICMR-MCL-21-11828-HAM1-lung-p2-vero-8235/2021,2021-11-15
syrian_hamster/India/MH-ICMR-MCL-21-11828-HAM1-NT-p1-vero-8230/2021,2021-11-15
syrian_hamster/India/MH-ICMR-MCL-21-12521-1-HAM9-NT-p1-vero-8232/2021,2021-11-15
syrian_hamster/India/MH-ICMR-MCL-21-11828-HAM1NT-P1-8411/2021,2021-11-15
syrian_hamster/India/MH-ICMR-MCL-21-12521-1-HAM9NT-P1-8414/2021,2021-12-15
syrian_hamster/India/MH-ICMR-MCL-21-11828-HAM1NT-P2-8418/2021,2021-11-15
Sweden/SUS0007627/2021,2021-12-27
USA/ME-CDCBI-CRSP_BBTUNSG3YMFIQPTP/2022,2022-01-10
Georgia/Tb-sNGS3049/2022,2022-01-08
Saudi_Arabia/KFSHRC_0108Y/2021,2021-12-17
Peru/MOQ-INS-12425/2021,2021-12-27
Zambia/ZMB-128404/2021,2021-11-30
Switzerland/SG-CLM-01146424/2022,2022-01-14
USA/MS-UMMC-M42H5-523538/2022,2022-01-03
Bosnia_and_Herzegovina/VFS-UNSA-LMGFI1215/2022,2022-01-05
Norway/32419/2021,2021-12-13
New_Zealand/22CH0306/2022,2022-01-11
Mexico/ROO-INMEGEN-50-49/2022,2022-01-03
Denmark/DCGC-308154/2022,2022-01-03
Ghana/NMIMR-NCOV-21-60813/2021,2021-12-08
Pakistan/NIH-B33-S4/2021,2021-12-30
env/Austria/CeMM22287/2022,2022-01-09
Jordan/Biolab0472/2022,2022-01-07
dog/USA/TX-TAMU-077/2020,2020-07-28
mink/Denmark/mDK-314/2020,2020-11-16
cat/Denmark/mDK-317/2020,2020-11-17
cat/Denmark/mDK-315/2020,2020-11-17
mink/Denmark/mDK-228/2020,2020-11-02
cat/Denmark/mDK-316/2020,2020-11-17
mink/Denmark/mDK-304/2020,2020-11-10
mink/Denmark/mDK-23/2020,2020-10-27
mink/Denmark/mDK-590/2020,2020-10-13
mink/Denmark/mDK-591/2020,2020-10-13
mink/Denmark/mDK-71/2020,2020-09-23
mink/Denmark/mDK-422/2020,2020-10-27
mink/Denmark/mDK-566/2020,2020-10-15
mink/Denmark/mDK-273/2020,2020-11-09
mink/Denmark/mDK-522/2020,2020-10-20
mink/Denmark/mDK-187/2020,2020-11-03
mink/Denmark/mDK-189/2020,2020-11-03
mink/Denmark/mDK-72/2020,2020-09-24
mink/Denmark/mDK-78/2020,2020-09-09
mink/Denmark/mDK-82/2020,2020-09-09
mink/Denmark/mDK-527/2020,2020-10-16
mink/Denmark/mDK-532/2020,2020-10-19
mink/Denmark/mDK-497/2020,2020-10-21
mink/Denmark/mDK-198/2020,2020-11-03
mink/Denmark/mDK-560/2020,2020-10-19
mink/Denmark/mDK-214/2020,2020-11-02
mink/Denmark/mDK-176/2020,2020-11-05
mink/Denmark/mDK-152/2020,2020-11-06
mink/Poland/210209_3596/2021,2021-01-27
cat/USA/TX-TAMU-172-20-027713-002/2020,2020-09-11
cat/Thailand/CU27516/2021,2021-07-15
Thailand/Bangkok-CONI-0750/2021,2021-05-18
Cambodia/890986/2021,2021-12-09
Cambodia/814742/2021,2021-10-03
Kenya/SS4104/2021,2021-10-08
dog/Thailand/CU27791/2021,2021-09-14
Myanmar/DSMRC039/2021,2021-11-12
Bolivia/SAN-CABANA-PE-UPCH-2283/2021,2021-10-14
Peru/TAC-INS-7838/2021,2021-09-28
Australia/NSW-RPAH-2234/2022,2022-01-08
Mexico/QUE_InDRE_FB43885_S7920/2021,2021-09-23
lion/USA/CO-21-031946-010/2021,2021-10-14
lion/USA/CO-21-031946-011/2021,2021-10-14
lion/USA/CO-21-031946-007/2021,2021-10-14
lion/USA/CO-21-031946-006/2021,2021-10-14
lion/USA/CO-21-031946-001/2021,2021-10-14
lion/USA/CO-21-031946-008/2021,2021-10-14
lion/USA/CO-21-031946-005/2021,2021-10-14
hyena/USA/CO-21-033158-002/2021,2021-10-28
lion/USA/CO-21-031946-003/2021,2021-10-14
lion/USA/CO-21-031946-009/2021,2021-10-14
lion/USA/CO-21-031946-004/2021,2021-10-14
lion/USA/CO-21-031946-002/2021,2021-10-14
Mexico/MOR_IBT_IMSS_5248/2021,2021-12-21
Nigeria/NCDC-NR887/2021,2021-11-01
Cameroon/CERI-KRISP-K026445/2021,2021-09-23
gorilla/Netherlands/ZH-EMC-1/2021,2021-11-16
gorilla/Netherlands/ZH-EMC-4/2021,2021-11-16
gorilla/Netherlands/ZH-EMC-3/2021,2021-11-16
gorilla/Netherlands/ZH-EMC-2/2021,2021-11-16
Martinique/IPP51867/2021,2021-12-20
Thailand/DMSc-06059/2021,2021-12-20
Peru/AMA-UNTRM-243/2022,2022-01-05
Gambia/76319/2021,2021-09-23
Gambia/82622/2021,2021-10-20
Spain/MD-H12O_220003/2022,2022-01-03
Australia/NSW-ICPMR-10684/2021,2021-10-11
New_Zealand/21CH0356/2021,2021-10-28
New_Zealand/22CH0125/2022,2022-01-04
New_Zealand/21MV3179/2021,2021-11-14
New_Zealand/21MV3233/2021,2021-11-16
New_Zealand/21CV3725/2021,2021-12-02
Australia/VIC25347/2021,2021-09-28
Australia/SA1029/2021,2021-11-26
tiger/USA/OH-21-038314-003/2021,2021-12-13
lion/USA/OH-21-029137-001/2021,2021-09-28
dog/USA/MA-21-038692-001/2021,2021-12-14
Trinidad_and_Tobago/117748/2022,2022-01-01
lion/USA/IN-21-030962-003/2021,2021-10-10
env/Austria/CeMM21261/2021,2021-12-06
hippo/Belgium/U21158510003/2021,2021-11-23
Guadeloupe/IPP30329/2021,2021-09-27
Djibouti/NAMRU3_E263/2021,2021-09-30
Djibouti/NAMRU3_E295/2021,2021-10-03
Slovenia/552529/2021,2021-12-07
Denmark/DCGC-251631/2021,2021-12-02
England/NEWC-321B447/2022,2022-01-08
Ireland/DL-NVRL-M35IRL13683/2021,2021-08-08
Czech_Republic/FNHK-Ps-001710/2021,2021-12-08
Guatemala/INC-LNS-118/2021,2021-11-16
tiger/USA/OH-21-028714-001/2021,2021-09-15
cat/Japan/VetC9/2021,2021-08-15
Japan/PG-149278/2021,2021-10-04
mink/Latvia/5357/2021,2021-10-15
Bulgaria/21BG-EU_012798_Pl122/2021,2021-12-06
dog/USA/VA-21-032400-003/2021,2021-10-22
El_Salvador/INC-LNSP-109/2021,2021-12-02
Guatemala/ASI4655/2021,2021-10-05
Mexico/SIN-CIAD-CLN-L0283/2021,2021-11-17
Guatemala/ASI4707/2021,2021-10-01
USA/AR-UMGC-23725/2021,2021-11-10
Guatemala/INC-LNS-072/2021,2021-10-21
Costa_Rica/INC-1450-708488/2021,2021-10-11
USA/NV-CDC-ASC210662399/2021,2021-12-08
tiger/USA/PA-21-037088-003/2021,2021-12-07
Bolivia/SAN-CABANA-PE-UPCH-2297/2021,2021-10-30
Peru/ANC-INS-10744/2021,2021-11-22
lion/USA/AL-21-028712-001/2021,2021-09-14
lion/USA/AL-21-028713-002/2021,2021-09-19
USA/NM-UNM-ED00878/2021,2021-12-28
Aruba/AW-RIVM-63988/2021,2021-09-29
Canada/AB-ABPHL-41187/2021,2021-11-04
cat/USA/OH-21-037782-001/2021,2021-12-10
tiger/USA/MI-21-037244-002/2021,2021-12-03
lion/USA/HI-21-031374-001/2021,2021-10-04
lion/USA/HI-21-031374-002/2021,2021-10-11
dog/USA/GA-CDC-4213400-001/2021,2021-07-20
dog/USA/GA-CDC-4213401-001/2021,2021-07-20
dog/USA/WA-DDL21-10981-5/2021,2021-07-15
dog/USA/WA-DDL21-10981-4/2021,2021-07-15
cat/USA/WA-DDL21-12930-3/2021,2021-08-18
USA/GU-CDC-2-5097611/2021,2021-09-29
cat/USA/FL-21-024155-001/2021,2021-08-17
Algeria/90944/2021,2021-11-20
India/KA-RF-NCBS-RFNB-139/2021,2021-08-27
env/Austria/CeMM18920/2021,2021-10-24
env/Austria/CeMM17563/2021,2021-09-26
env/Austria/CeMM20954/2021,2021-11-28
Maldives/MAV80760/2021,2021-08-28
env/Austria/CeMM17503/2021,2021-09-26
Morocco/IPM20383993/2021,2021-11-19
Ghana/FS-21-2667/2021,2021-09-24
Hong_Kong/CM21000619/2021,2021-09-26
Sweden/Orebro-47736185/2021,2021-12-03
Mozambique/CERI-KRISP-K025923/2021,2021-07-05
Monaco/IPP14384/2021,2021-06-15
Iceland/7544/2021,2021-07-23
Peru/TAC-INS-7981/2021,2021-09-23
Israel/SMC-7026713/2021,2021-12-07
Slovakia/39101/2021,2021-11-29
Philippines/PH-PGC-67417/2021,2021-08-03
Estonia/17534312/2021,2021-09-25
Bulgaria/21BG-EU_012464_Pl119/2021,2021-12-01
Iraq/CPHL-030921-16/2021,2021-08-30
Malaysia/UNIMAS-HBTU452/2021,2021-11-15
Nepal/S-82/2021,2021-06-03
gorilla/USA/CA-SEARCH-113031/2021,2021-10-31
Finland/P-17149/2021,2021-12-01
env/USA/CA-SEARCH-55206/2021,2021-09-23
tiger/USA/NE-TIGER_NCOV21-40166/2021,2021-11-06
tiger/USA/NE-TIGER_NCOV21-40167/2021,2021-11-07
tiger/USA/NE-21-034299-001/2021,2021-11-07
tiger/USA/NE-21-034299-005/2021,2021-11-07
tiger/USA/FL-21-024706-001/2021,2021-08-19
dog/USA/OH-OSU-0508-11172021/2021,2021-09-24
dog/USA/OH-OSU-0508-031718/2021,2021-09-24
cat/USA/IN-21-032644-001/2021,2021-10-17
tiger/USA/CA-21-032969-001/2021,2021-10-27
tiger/USA/CA-21-032685-002/2021,2021-10-25
tiger/USA/CA-SEARCH-113029/2021,2021-10-27
tiger/USA/CA-SEARCH-113034/2021,2021-10-21
tiger/USA/CA-21-032969-002/2021,2021-10-27
tiger/USA/CA-SEARCH-113030/2021,2021-10-27
binturong/USA/IL-21-029528-001/2021,2021-09-30
fishing_cat/USA/IL-21-029527-002/2021,2021-09-29
snow_leopard/USA/IL-21-029401-002/2021,2021-09-28
tiger/USA/IL-21-028948-002/2021,2021-09-24
lion/USA/IL-21-029401-005/2021,2021-09-28
snow_leopard/USA/IL-21-029401-007/2021,2021-09-28
lion/USA/UT-21-031970-001/2021,2021-10-20
lion/USA/UT-21-031970-004/2021,2021-10-20
lion/USA/UT-21-031970-003/2021,2021-10-20
lion/USA/UT-21-031970-005/2021,2021-10-20
lion/USA/MO-21-033928-007/2021,2021-11-04
tiger/USA/MO-21-033928-005/2021,2021-11-04
gorilla/USA/GA-21-026420-012/2021,2021-09-01
gorilla/USA/GA-21-026626-003/2021,2021-09-01
gorilla/USA/GA-21-026626-002/2021,2021-09-01
gorilla/USA/GA-21-026626-001/2021,2021-09-01
New_Zealand/21CH0797/2021,2021-11-23
Kuwait/Jaber2120422654/2021,2021-11-04
lion/Singapore/NParks-G11342/2021,2021-11-09
Egypt/NRC-1039/2021,2021-09-29
cat/USA/CA-21-035224-002/2021,2021-11-15
dog/USA/GA-21-027601-001/2021,2021-08-26
dog/USA/FL-21-025847-001/2021,2021-08-25
gorilla/USA/MO-21-029402-003/2021,2021-09-28
gorilla/USA/MO-21-029402-001/2021,2021-09-28
gorilla/USA/MO-21-029402-004/2021,2021-09-28
cat/USA/IA-21-036031-001/2021,2021-11-10
tiger/USA/CA-21-022578-002/2021,2021-08-01
tiger/USA/CA-ALSR-105425/2021,2021-08-01
cat/USA/CA-21-025577-001/2021,2021-08-17
cat/USA/WY-21-028404-001/2021,2021-09-09
dog/USA/NJ-21-027164-001/2021,2021-09-05
dog/USA/WA-DDL21-11754-4/2021,2021-07-29
cat/USA/ID-21-032645-001/2021,2021-10-16
lion/USA/NC-21-035353-004/2021,2021-11-15
lion/USA/NC-21-035353-002/2021,2021-11-15
lion/USA/NC-21-035353-001/2021,2021-11-15
Croatia/85577/2021,2021-08-14
tiger/USA/NE-NCOV21-37806/2021,2021-10-11
tiger/USA/NE-NCOV21-37809/2021,2021-10-11
snow_leopard/USA/NE-NCOV21-37807/2021,2021-10-11
snow_leopard/USA/NE-NCOV21-37805/2021,2021-10-11
cat/USA/NJ-VSP3509/2021,2021-09-22
cat/USA/NJ-VSP3510/2021,2021-09-29
ferret/USA/FL-21-028281-001/2021,2021-09-18
lion/Puerto_Rico/PR-21-31013-001/2021,2021-10-13
lion/Puerto_Rico/PR-21-31013-006/2021,2021-10-13
cat/USA/VA-21-024401-001/2021,2021-08-05
tiger/USA/SD-21-029378-001/2021,2021-09-30
USA/GA-CDC-ASC210364108/2021,2021-10-14
dog/USA/KS-21-026614-002/2021,2021-09-07
dog/USA/KS-8074/2021,2021-09-07
Belgium/ULG-21773/2021,2021-10-04
cat/Belgium/SCU2109509-002/2021,2021-07-06
dog/Spain/CT-IrsiCaixaR026ND2E9/2021,2021-07-26
Croatia/12200/2021,2021-10-08
Suriname/SR-713/2021,2021-09-23
Croatia/14943/2021,2021-11-24
Serbia/J907058_3011/2021,2021-11-30
Bosnia_and_Herzegovina/VFS-UNSA-LMGFI637/2021,2021-11-16
mink/Poland/51801-1/2021,2021-11-30
India/AP-CCMB-CIB2569/2021,2021-10-14
env/Austria/CeMM19698/2021,2021-11-07
lion/South_Africa/ZARV-ZRU127/2021,2021-06-25
lion/SouthAfrica/ZARV-ZRU125/2021,2021-06-22
lion/SouthAfrica/ZARV-ZRU128/2021,2021-06-25
dog/USA/FL-21-025578-001/2021,2021-08-18
tiger/USA/FL-21-029065-001/2021,2021-09-17
tiger/USA/FL-21-028906-001/2021,2021-09-17
dog/USA/FL-21-022193-001/2021,2021-07-26
Bonaire/BQ-RIVM-61689/2021,2021-09-24
Bonaire/BQ-RIVM-61679/2021,2021-09-24
Curacao/CW-RIVM-67106/2021,2021-10-18
Vietnam/HN_108.136/2022,2022-01-01
Egypt/ARMY-EVA-Pharma-Wave4-023/2021,2021-09-04
Mexico/TAB_InDRE_FB50668_S9603/2021,2021-11-02
lion/India/TG-CCMB-L3/2021,2021-04-26
lion/India/TN-NIHSAD-21-0004/2021,2021-05-29
lion/India/TN-NIHSAD-21-0011/2021,2021-05-29
lion/India/TN-NIHSAD-21-0016/2021,2021-05-29
lion/India/TN-NIHSAD-21-0019/2021,2021-05-29
otter/USA/FL-21-025190-001/2021,2021-08-24
otter/USA/FL-21-025190-002/2021,2021-08-24
otter/USA/FL-21-025190-003/2021,2021-08-24
Uzbekistan/346/2021,2021-06-25
Turkey/HSGM-B18288/2021,2021-03-31
Turkey/HSGM-GF12600/2021,2021-07-28
Turkey/HSGM-B4613/2021,2021-03-31
Turkey/HSGM-G17790/2021,2021-06-18
Turkey/HSGM-GF1673/2021,2021-07-12
Turkey/HSGM-B18273/2021,2021-06-23
Turkey/HSGM-B17233/2021,2021-06-16
Spain/CT-HUGTiPM022DQ9A8/2021,2021-06-18
Canada/ON-PHL-21-09886/2021,2021-04-15
Scotland/QEUH-14AD684/2021,2021-03-31
England/RAND-152AD89/2021,2021-04-20
Belgium/ZNA_21222370/2021,2021-01-30
USA/CA-CDPH-2000045325/2021,2021-04-18
Canada/ABPHL-09451/2021,2021-03-19
Italy/ABR-IZSGC-161257/2021,2021-03-16
Denmark/DCGC-40611/2021,2021-02-01
Spain/CT-RB27241/2021,2021-05-18
Germany/BW-RKI-I-045810/2021,2021-02-26
Canada/QC-1nIRE-U12223189Q/2021,2021-01-22
Canada/Qc-HMR-A5084329/2021,2021-01-08
Canada/Qc-HCLM-7051637058/2021,2021-01-27
France/OCC-CHU-TLS-210701209901/2021,2021-03-08
France/ARA-CHUGA-1029211408/2021,2021-02-15
France/ARA-HCL021025137001/2021,2021-02-08
USA/TX-HMH-3870/2020,2020-06-16
Luxembourg/LNS6326231/2020,2020-04-02
mink/Netherlands/NB-EMC-11-2/2020,2020-06-07
mink/Netherlands/NB-EMC-11-1/2020,2020-06-07
mink/Netherlands/NB-EMC-11-3/2020,2020-06-07
mink/Netherlands/NB-EMC-11-19/2020,2020-06-07
Canada/BC_24319756/2020,2020-03-15
England/204742183/2020,2020-06-15
Switzerland/AG-UZH-1000478635/2020,2020-03-03
Belgium/rega-0429624/2020,2020-04-29
Germany/BW-RKI-I-040347/2021,2021-01-31
cat/Belgium/BE-MG-0320/2020,2020-03-11
Scotland/CVR4437/2020,2020-09-19
Luxembourg/LNS0917978/2020,2020-10-21
France/PAC-IHU-39649_Nova1/2020,2020-03-15
France/IDF-IPP00117/2021,2021-01-02
mink/Denmark/mDK-30/2020,2020-10-16
mink/Denmark/mDK-157/2020,2020-11-05
mink/Denmark/mDK-159/2020,2020-11-05
mink/Denmark/mDK-158/2020,2020-11-05
mink/Denmark/mDK-518/2020,2020-11-18
dog/USA/SC-20-018705-001/2020,2020-06-26
England/EKHU-260F4EB/2020,2020-10-01
Wales/PHWC-16341D/2020,2020-05-08
Turkey/HSGM-B19143/2021,2021-06-29
mouse/Austria/CeMM3758/2021,2021-02-05
mouse/Harbin/HRB-26m/2020,2020-04-19
mink/Netherlands/NB-EMC-15-3/2020,2020-06-21
mink/Netherlands/NB-EMC-10-5/2020,2020-06-07
mink/Netherlands/NB-EMC-2-7/2020,2020-04-27
mouse/USA/IA-N501Y-MA30/2021,2021-01-22
monkey/USA/LA-MAN0002A19/2020,2020-06-15
monkey/USA/LA-MAN0002A17/2020,2020-06-22
monkey/USA/LA-MAN0002A18/2020,2020-06-22
mouse/Wuhan/LG/2020,2020-06-05
USA/NY-CDC-ASC210571276/2021,2021-12-28
dog/Hong_Kong/20-02756/2020,2020-02-26
lion/USA/NY-3-041520/2020,2020-04-04
lion/USA/NY-041520/2020,2020-04-04
lion/USA/NY-2-041520/2020,2020-04-04
lion/USA/NY-2/2020,2020-04-04
Wuhan/IPBCAMS-WH-01/2019,2019-12-24
4658,2021-12-01
4645,2021-11-04
4534,2021-11-20
4538,2021-11-20
4662,2021-12-01
4581,2021-12-01
4649,2021-11-03
MN908947.3,2019-12-31
